timestamp,machine,gpu_name,driver,cuda_compat,sm_clock_mhz,mem_clock_mhz,compute_mode,ecc,mig,clocks_locked,toolkit,git_commit,git_dirty,kernel,variant,mode,shape,dtype,bytes,flops,samples,min_ms,p10_ms,median_ms,p90_ms,max_ms,achieved_gbps,achieved_tflops
2026-09-26T15:08:58+00:00,h20,NVIDIA H20-3e,615.71.09,,1800,3201,Default,Enabled,Disabled,yes,13.3,00251139975ccedb1a1470ed51ef8649d47fcb05,no,02-measurement-discipline,wallclock,cold,buf_kib=3840;ws_over_l2=0.188,fp32,11796480,1966080,50,0.010560,0.010625,0.010931,0.011737,0.022264,1079.177,0.1799
2026-09-26T15:08:58+00:00,h20,NVIDIA H20-3e,615.71.09,,1800,3201,Default,Enabled,Disabled,yes,13.3,00251139975ccedb1a1470ed51ef8649d47fcb05,no,02-measurement-discipline,no-flush,cold,buf_kib=3840;ws_over_l2=0.188,fp32,11796480,1966080,50,0.007680,0.007744,0.007904,0.008320,0.009088,1492.470,0.2487
2026-09-26T15:08:58+00:00,h20,NVIDIA H20-3e,615.71.09,,1800,3201,Default,Enabled,Disabled,yes,13.3,00251139975ccedb1a1470ed51ef8649d47fcb05,no,02-measurement-discipline,batched,cold,buf_kib=3840;ws_over_l2=0.188,fp32,11796480,1966080,50,0.004290,0.004307,0.004325,0.004336,0.005470,2727.510,0.4546
2026-09-26T15:08:58+00:00,h20,NVIDIA H20-3e,615.71.09,,1800,3201,Default,Enabled,Disabled,yes,13.3,00251139975ccedb1a1470ed51ef8649d47fcb05,no,02-measurement-discipline,disciplined,cold,buf_kib=3840;ws_over_l2=0.188,fp32,11796480,1966080,50,0.009344,0.009440,0.009600,0.009763,0.010592,1228.800,0.2048
2026-09-26T15:08:58+00:00,h20,NVIDIA H20-3e,615.71.09,,1800,3201,Default,Enabled,Disabled,yes,13.3,00251139975ccedb1a1470ed51ef8649d47fcb05,no,02-measurement-discipline,disciplined,hot,buf_kib=3840;ws_over_l2=0.188,fp32,11796480,1966080,50,0.003259,0.003261,0.003266,0.003274,0.003290,3611.904,0.6020
2026-09-26T15:08:58+00:00,h20,NVIDIA H20-3e,615.71.09,,1800,3201,Default,Enabled,Disabled,yes,13.3,00251139975ccedb1a1470ed51ef8649d47fcb05,no,02-measurement-discipline,wallclock,cold,buf_kib=7680;ws_over_l2=0.375,fp32,23592960,3932160,50,0.011279,0.011440,0.011785,0.012615,0.030290,2001.948,0.3337
2026-09-26T15:08:58+00:00,h20,NVIDIA H20-3e,615.71.09,,1800,3201,Default,Enabled,Disabled,yes,13.3,00251139975ccedb1a1470ed51ef8649d47fcb05,no,02-measurement-discipline,no-flush,cold,buf_kib=7680;ws_over_l2=0.375,fp32,23592960,3932160,50,0.008384,0.008544,0.008672,0.009002,0.009856,2720.590,0.4534
2026-09-26T15:08:58+00:00,h20,NVIDIA H20-3e,615.71.09,,1800,3201,Default,Enabled,Disabled,yes,13.3,00251139975ccedb1a1470ed51ef8649d47fcb05,no,02-measurement-discipline,batched,cold,buf_kib=7680;ws_over_l2=0.375,fp32,23592960,3932160,50,0.005086,0.005090,0.005109,0.005136,0.005155,4617.921,0.7697
2026-09-26T15:08:58+00:00,h20,NVIDIA H20-3e,615.71.09,,1800,3201,Default,Enabled,Disabled,yes,13.3,00251139975ccedb1a1470ed51ef8649d47fcb05,no,02-measurement-discipline,disciplined,cold,buf_kib=7680;ws_over_l2=0.375,fp32,23592960,3932160,50,0.012448,0.012512,0.012672,0.013002,0.013824,1861.818,0.3103
2026-09-26T15:08:58+00:00,h20,NVIDIA H20-3e,615.71.09,,1800,3201,Default,Enabled,Disabled,yes,13.3,00251139975ccedb1a1470ed51ef8649d47fcb05,no,02-measurement-discipline,disciplined,hot,buf_kib=7680;ws_over_l2=0.375,fp32,23592960,3932160,50,0.004133,0.004141,0.004149,0.004163,0.004181,5686.421,0.9477
2026-09-26T15:08:58+00:00,h20,NVIDIA H20-3e,615.71.09,,1800,3201,Default,Enabled,Disabled,yes,13.3,00251139975ccedb1a1470ed51ef8649d47fcb05,no,02-measurement-discipline,wallclock,cold,buf_kib=15360;ws_over_l2=0.750,fp32,47185920,7864320,50,0.017519,0.017804,0.018138,0.018717,0.027522,2601.495,0.4336
2026-09-26T15:08:58+00:00,h20,NVIDIA H20-3e,615.71.09,,1800,3201,Default,Enabled,Disabled,yes,13.3,00251139975ccedb1a1470ed51ef8649d47fcb05,no,02-measurement-discipline,no-flush,cold,buf_kib=15360;ws_over_l2=0.750,fp32,47185920,7864320,50,0.014432,0.014784,0.015056,0.015562,0.016832,3134.028,0.5223
2026-09-26T15:08:58+00:00,h20,NVIDIA H20-3e,615.71.09,,1800,3201,Default,Enabled,Disabled,yes,13.3,00251139975ccedb1a1470ed51ef8649d47fcb05,no,02-measurement-discipline,batched,cold,buf_kib=15360;ws_over_l2=0.750,fp32,47185920,7864320,50,0.012094,0.012145,0.012218,0.012285,0.012370,3862.000,0.6437
2026-09-26T15:08:58+00:00,h20,NVIDIA H20-3e,615.71.09,,1800,3201,Default,Enabled,Disabled,yes,13.3,00251139975ccedb1a1470ed51ef8649d47fcb05,no,02-measurement-discipline,disciplined,cold,buf_kib=15360;ws_over_l2=0.750,fp32,47185920,7864320,50,0.018560,0.018624,0.018720,0.018944,0.019232,2520.615,0.4201
2026-09-26T15:08:58+00:00,h20,NVIDIA H20-3e,615.71.09,,1800,3201,Default,Enabled,Disabled,yes,13.3,00251139975ccedb1a1470ed51ef8649d47fcb05,no,02-measurement-discipline,disciplined,hot,buf_kib=15360;ws_over_l2=0.750,fp32,47185920,7864320,50,0.010523,0.010533,0.010609,0.010680,0.010706,4447.726,0.7413
2026-09-26T15:08:58+00:00,h20,NVIDIA H20-3e,615.71.09,,1800,3201,Default,Enabled,Disabled,yes,13.3,00251139975ccedb1a1470ed51ef8649d47fcb05,no,02-measurement-discipline,wallclock,cold,buf_kib=30720;ws_over_l2=1.500,fp32,94371840,15728640,50,0.030850,0.031050,0.031327,0.032656,0.041496,3012.476,0.5021
2026-09-26T15:08:58+00:00,h20,NVIDIA H20-3e,615.71.09,,1800,3201,Default,Enabled,Disabled,yes,13.3,00251139975ccedb1a1470ed51ef8649d47fcb05,no,02-measurement-discipline,no-flush,cold,buf_kib=30720;ws_over_l2=1.500,fp32,94371840,15728640,50,0.027680,0.027808,0.028064,0.029443,0.052544,3362.737,0.5605
2026-09-26T15:08:58+00:00,h20,NVIDIA H20-3e,615.71.09,,1800,3201,Default,Enabled,Disabled,yes,13.3,00251139975ccedb1a1470ed51ef8649d47fcb05,no,02-measurement-discipline,batched,cold,buf_kib=30720;ws_over_l2=1.500,fp32,94371840,15728640,50,0.025078,0.025254,0.025339,0.025399,0.025456,3724.371,0.6207
2026-09-26T15:08:58+00:00,h20,NVIDIA H20-3e,615.71.09,,1800,3201,Default,Enabled,Disabled,yes,13.3,00251139975ccedb1a1470ed51ef8649d47fcb05,no,02-measurement-discipline,disciplined,cold,buf_kib=30720;ws_over_l2=1.500,fp32,94371840,15728640,50,0.030336,0.030429,0.030624,0.031882,0.032384,3081.630,0.5136
2026-09-26T15:08:58+00:00,h20,NVIDIA H20-3e,615.71.09,,1800,3201,Default,Enabled,Disabled,yes,13.3,00251139975ccedb1a1470ed51ef8649d47fcb05,no,02-measurement-discipline,disciplined,hot,buf_kib=30720;ws_over_l2=1.500,fp32,94371840,15728640,50,0.023750,0.023824,0.023897,0.023943,0.023981,3949.108,0.6582
2026-09-26T15:08:58+00:00,h20,NVIDIA H20-3e,615.71.09,,1800,3201,Default,Enabled,Disabled,yes,13.3,00251139975ccedb1a1470ed51ef8649d47fcb05,no,02-measurement-discipline,wallclock,cold,buf_kib=61440;ws_over_l2=3.000,fp32,188743680,31457280,50,0.052933,0.053245,0.054025,0.055008,0.063484,3493.636,0.5823
2026-09-26T15:08:58+00:00,h20,NVIDIA H20-3e,615.71.09,,1800,3201,Default,Enabled,Disabled,yes,13.3,00251139975ccedb1a1470ed51ef8649d47fcb05,no,02-measurement-discipline,no-flush,cold,buf_kib=61440;ws_over_l2=3.000,fp32,188743680,31457280,50,0.049536,0.049811,0.050752,0.052019,0.053344,3718.941,0.6198
2026-09-26T15:08:58+00:00,h20,NVIDIA H20-3e,615.71.09,,1800,3201,Default,Enabled,Disabled,yes,13.3,00251139975ccedb1a1470ed51ef8649d47fcb05,no,02-measurement-discipline,batched,cold,buf_kib=61440;ws_over_l2=3.000,fp32,188743680,31457280,50,0.047702,0.047740,0.047819,0.047911,0.047992,3947.044,0.6578
2026-09-26T15:08:58+00:00,h20,NVIDIA H20-3e,615.71.09,,1800,3201,Default,Enabled,Disabled,yes,13.3,00251139975ccedb1a1470ed51ef8649d47fcb05,no,02-measurement-discipline,disciplined,cold,buf_kib=61440;ws_over_l2=3.000,fp32,188743680,31457280,50,0.052512,0.052765,0.052992,0.054275,0.054528,3561.739,0.5936
2026-09-26T15:08:58+00:00,h20,NVIDIA H20-3e,615.71.09,,1800,3201,Default,Enabled,Disabled,yes,13.3,00251139975ccedb1a1470ed51ef8649d47fcb05,no,02-measurement-discipline,disciplined,hot,buf_kib=61440;ws_over_l2=3.000,fp32,188743680,31457280,50,0.046240,0.046282,0.046397,0.046506,0.046555,4068.015,0.6780
2026-09-26T15:08:58+00:00,h20,NVIDIA H20-3e,615.71.09,,1800,3201,Default,Enabled,Disabled,yes,13.3,00251139975ccedb1a1470ed51ef8649d47fcb05,no,02-measurement-discipline,wallclock,cold,buf_kib=122880;ws_over_l2=6.000,fp32,377487360,62914560,50,0.098196,0.098539,0.099520,0.101021,0.117606,3793.080,0.6322
2026-09-26T15:08:58+00:00,h20,NVIDIA H20-3e,615.71.09,,1800,3201,Default,Enabled,Disabled,yes,13.3,00251139975ccedb1a1470ed51ef8649d47fcb05,no,02-measurement-discipline,no-flush,cold,buf_kib=122880;ws_over_l2=6.000,fp32,377487360,62914560,50,0.093568,0.094998,0.096048,0.097296,0.098464,3930.195,0.6550
2026-09-26T15:08:58+00:00,h20,NVIDIA H20-3e,615.71.09,,1800,3201,Default,Enabled,Disabled,yes,13.3,00251139975ccedb1a1470ed51ef8649d47fcb05,no,02-measurement-discipline,batched,cold,buf_kib=122880;ws_over_l2=6.000,fp32,377487360,62914560,50,0.093030,0.093166,0.093342,0.093513,0.093594,4044.132,0.6740
2026-09-26T15:08:58+00:00,h20,NVIDIA H20-3e,615.71.09,,1800,3201,Default,Enabled,Disabled,yes,13.3,00251139975ccedb1a1470ed51ef8649d47fcb05,no,02-measurement-discipline,disciplined,cold,buf_kib=122880;ws_over_l2=6.000,fp32,377487360,62914560,50,0.097088,0.098198,0.098928,0.099648,0.099840,3815.779,0.6360
2026-09-26T15:08:58+00:00,h20,NVIDIA H20-3e,615.71.09,,1800,3201,Default,Enabled,Disabled,yes,13.3,00251139975ccedb1a1470ed51ef8649d47fcb05,no,02-measurement-discipline,disciplined,hot,buf_kib=122880;ws_over_l2=6.000,fp32,377487360,62914560,50,0.091547,0.091748,0.091952,0.092103,0.092286,4105.265,0.6842
2026-09-26T15:08:58+00:00,h20,NVIDIA H20-3e,615.71.09,,1800,3201,Default,Enabled,Disabled,yes,13.3,00251139975ccedb1a1470ed51ef8649d47fcb05,no,02-measurement-discipline,wallclock,cold,buf_kib=262144;ws_over_l2=12.800,fp32,805306368,134217728,50,0.199006,0.201415,0.204085,0.208255,0.217467,3945.936,0.6577
2026-09-26T15:08:58+00:00,h20,NVIDIA H20-3e,615.71.09,,1800,3201,Default,Enabled,Disabled,yes,13.3,00251139975ccedb1a1470ed51ef8649d47fcb05,no,02-measurement-discipline,no-flush,cold,buf_kib=262144;ws_over_l2=12.800,fp32,805306368,134217728,50,0.197152,0.198144,0.201360,0.204400,0.206176,3999.336,0.6666
2026-09-26T15:08:58+00:00,h20,NVIDIA H20-3e,615.71.09,,1800,3201,Default,Enabled,Disabled,yes,13.3,00251139975ccedb1a1470ed51ef8649d47fcb05,no,02-measurement-discipline,batched,cold,buf_kib=262144;ws_over_l2=12.800,fp32,805306368,134217728,50,0.197245,0.197662,0.198141,0.198501,0.198648,4064.310,0.6774
2026-09-26T15:08:58+00:00,h20,NVIDIA H20-3e,615.71.09,,1800,3201,Default,Enabled,Disabled,yes,13.3,00251139975ccedb1a1470ed51ef8649d47fcb05,no,02-measurement-discipline,disciplined,cold,buf_kib=262144;ws_over_l2=12.800,fp32,805306368,134217728,50,0.200416,0.201082,0.202624,0.205082,0.206304,3974.388,0.6624
2026-09-26T15:08:58+00:00,h20,NVIDIA H20-3e,615.71.09,,1800,3201,Default,Enabled,Disabled,yes,13.3,00251139975ccedb1a1470ed51ef8649d47fcb05,no,02-measurement-discipline,disciplined,hot,buf_kib=262144;ws_over_l2=12.800,fp32,805306368,134217728,50,0.195934,0.196166,0.196505,0.196980,0.197382,4098.147,0.6830
