gpu_name,logical_device,requested_accumulators,actual_regs_per_thread,dynamic_smem_kib,has_local_memory,local_bytes_per_thread,active_blocks_per_sm,active_warps_per_sm,theoretical_occupancy_pct
NVIDIA H20-3e,0,8,32,0,0,0,8,64,100.00
NVIDIA H20-3e,0,8,32,16,0,0,8,64,100.00
NVIDIA H20-3e,0,8,32,32,0,0,6,48,75.00
NVIDIA H20-3e,0,8,32,48,0,0,4,32,50.00
NVIDIA H20-3e,0,8,32,64,0,0,3,24,37.50
NVIDIA H20-3e,0,8,32,96,0,0,2,16,25.00
NVIDIA H20-3e,0,8,32,128,0,0,1,8,12.50
NVIDIA H20-3e,0,8,32,160,0,0,1,8,12.50
NVIDIA H20-3e,0,8,32,192,0,0,1,8,12.50
NVIDIA H20-3e,0,24,40,0,0,0,6,48,75.00
NVIDIA H20-3e,0,24,40,16,0,0,6,48,75.00
NVIDIA H20-3e,0,24,40,32,0,0,6,48,75.00
NVIDIA H20-3e,0,24,40,48,0,0,4,32,50.00
NVIDIA H20-3e,0,24,40,64,0,0,3,24,37.50
NVIDIA H20-3e,0,24,40,96,0,0,2,16,25.00
NVIDIA H20-3e,0,24,40,128,0,0,1,8,12.50
NVIDIA H20-3e,0,24,40,160,0,0,1,8,12.50
NVIDIA H20-3e,0,24,40,192,0,0,1,8,12.50
NVIDIA H20-3e,0,48,64,0,0,0,4,32,50.00
NVIDIA H20-3e,0,48,64,16,0,0,4,32,50.00
NVIDIA H20-3e,0,48,64,32,0,0,4,32,50.00
NVIDIA H20-3e,0,48,64,48,0,0,4,32,50.00
NVIDIA H20-3e,0,48,64,64,0,0,3,24,37.50
NVIDIA H20-3e,0,48,64,96,0,0,2,16,25.00
NVIDIA H20-3e,0,48,64,128,0,0,1,8,12.50
NVIDIA H20-3e,0,48,64,160,0,0,1,8,12.50
NVIDIA H20-3e,0,48,64,192,0,0,1,8,12.50
NVIDIA H20-3e,0,80,94,0,0,0,2,16,25.00
NVIDIA H20-3e,0,80,94,16,0,0,2,16,25.00
NVIDIA H20-3e,0,80,94,32,0,0,2,16,25.00
NVIDIA H20-3e,0,80,94,48,0,0,2,16,25.00
NVIDIA H20-3e,0,80,94,64,0,0,2,16,25.00
NVIDIA H20-3e,0,80,94,96,0,0,2,16,25.00
NVIDIA H20-3e,0,80,94,128,0,0,1,8,12.50
NVIDIA H20-3e,0,80,94,160,0,0,1,8,12.50
NVIDIA H20-3e,0,80,94,192,0,0,1,8,12.50
